{"cameraMode":{"drawMode":0,"name":"Shaded","section":"Shading Mode"},"sceneLighting":true,"audioPlay":false,"sceneViewState":{"showFog":true,"showMaterialUpdate":true,"showSkybox":true,"showFlares":true,"showImageEffects":true,"showParticleSystems":true,"showVisualEffectGraphs":true},"in2DMode":false,"pivot":{"x":1.7072521448135377,"y":-10.231512069702149,"z":0.13104747235774995},"rotation":{"x":-0.16962118446826936,"y":0.7016657590866089,"z":-0.17798839509487153,"w":-0.6687734723091126},"size":11.676399230957032,"orthographic":false}